Drug ID,Target ID,ChEMBL,DrugBank,KEGG,KEGGhsa,Checked
D00107,hsa2280,C,D,,,T
D00168,hsa5422,C,,,,T
D00169,hsa240,C,D,,,T
D00448,hsa5743,C,D,,,T
D00448,hsa5742,C,D,,,T
D00501,hsa5150,C,,,,T
D01828,hsa5144,C,,,,T
D01828,hsa5141,C,,,,T
D01828,hsa5143,C,,,,T
D01828,hsa5142,C,,,,T
D01907,hsa6241,C,,,,T
D01907,hsa50484,C,,,,T
D02068,hsa590,C,D,,,T
D02341,hsa240,C,D,,,T
D02368,hsa6241,C,,,,T
D02368,hsa5422,C,,,,T
D02368,hsa50484,C,,,,T
D02441,hsa771,C,,K,K,T
D02441,hsa377677,C,,K,K,T
D02441,hsa768,C,,K,K,T
D02441,hsa766,C,D,K,K,T
D02441,hsa765,C,,K,K,T
D02441,hsa763,C,,K,K,T
D02441,hsa762,C,D,K,K,T
D02441,hsa761,C,D,K,K,T
D02441,hsa760,C,D,K,K,T
D02441,hsa23632,C,,K,K,T
D02441,hsa11238,C,,K,K,T
D03252,hsa3055,C,,,,T
D03252,hsa6714,C,,K,K,T
D03252,hsa25,C,,K,K,T
D03252,hsa4067,C,,,,T
D03828,hsa1719,C,D,K,K,T
D05353,hsa495,C,D,K,K,T
D00002,hsa8854,,D,,,T
D00007,hsa2058,,D,,,T
D00007,hsa6898,,D,,,T
D00007,hsa587,,D,,,T
D00007,hsa2677,,D,,,T
D00007,hsa2806,,D,,,T
D00014,hsa2880,,D,,,T
D00014,hsa2876,,D,,,T
D00014,hsa2877,,D,,,T
D00014,hsa2878,,D,,,T
D00014,hsa1576,,D,,,T
D00014,hsa231,,D,,,T
D00014,hsa2098,,D,,,T
D00029,hsa1545,,D,,,T
D00035,hsa5479,,D,,,T
D00035,hsa5478,,D,,,T
D00035,hsa5033,,D,,,T
D00036,hsa1571,,D,,,T
D00036,hsa1565,,D,,,T
D00036,hsa1576,,D,,,T
D00036,hsa3939,,D,,,T
D00037,hsa353,,D,,,T
D00037,hsa6714,,D,,,T
D00045,hsa132,,D,,,T
D00045,hsa100,,D,,,T
D00049,hsa1565,,D,,,T
D00050,hsa4128,,D,,,T
D00070,hsa1571,,D,,,T
D00086,hsa5447,,D,,,T
D00094,hsa1551,,D,,,T
D00094,hsa1543,,D,,,T
D00094,hsa1555,,D,,,T
D00094,hsa1558,,D,,,T
D00094,hsa1559,,D,,,T
D00094,hsa1548,,D,,,T
D00094,hsa1562,,D,,,T
D00094,hsa1576,,D,,,T
D00094,hsa1577,,D,,,T
D00097,hsa5743,,D,,,T
D00097,hsa1645,,D,,,T
D00097,hsa1559,,D,,,T
D00107,hsa1551,,D,K,,T
D00107,hsa1576,,D,K,,T
D00107,hsa1577,,D,K,,T
D00109,hsa1645,,D,,,T
D00109,hsa1557,,D,,,T
D00109,hsa1558,,D,,,T
D00109,hsa1559,,D,,,T
D00109,hsa5562,,D,,,T
D00109,hsa3551,,D,,,T
D00118,hsa54658,,D,,,T
D00118,hsa1544,,D,,,T
D00118,hsa1558,,D,,,T
D00118,hsa1559,,D,,,T
D00118,hsa7364,,D,,,T
D00120,hsa231,,D,,,T
D00120,hsa1544,,D,,,T
D00120,hsa57016,,D,,,T
D00120,hsa1543,,D,,,T
D00120,hsa5595,,D,,,T
D00125,hsa54658,,D,,,T
D00125,hsa1544,,D,,,T
D00125,hsa1558,,D,,,T
D00125,hsa5743,,D,,,T
D00125,hsa5742,,D,,,T
D00125,hsa1571,,D,,,T
D00125,hsa2950,,D,,,T
D00125,hsa1576,,D,,,T
D00125,hsa1577,,D,,,T
D00126,hsa54658,,D,,,T
D00126,hsa54659,,D,,,T
D00126,hsa1557,,D,,,T
D00126,hsa54600,,D,,,T
D00126,hsa7363,,D,,,T
D00126,hsa1558,,D,,,T
D00126,hsa7364,,D,,,T
D00126,hsa5327,,D,,,T
D00127,hsa1558,,D,,,T
D00127,hsa1559,,D,K,,T
D00129,hsa2638,,D,,,T
D00129,hsa1576,,D,,,T
D00130,hsa54576,,D,,,T
D00131,hsa1544,,D,K,,T
D00131,hsa1559,,D,,,T
D00131,hsa1576,,D,,,T
D00131,hsa1577,,D,,,T
D00132,hsa1558,,D,,,T
D00132,hsa1559,,D,,,T
D00136,hsa1544,,D,,,T
D00136,hsa1551,,D,,,T
D00136,hsa1557,,D,,,T
D00136,hsa1543,,D,,,T
D00136,hsa54600,,D,,,T
D00136,hsa1559,,D,,,T
D00136,hsa1565,,D,K,,T
D00136,hsa1577,,D,,,T
D00141,hsa54658,,D,,,T
D00141,hsa1557,,D,,,T
D00141,hsa54600,,D,,,T
D00141,hsa1559,,D,,,T
D00141,hsa7364,,D,,,T
D00141,hsa5320,,D,,,T
D00142,hsa8836,,D,,,T
D00142,hsa7298,,D,,,T
D00142,hsa2356,,D,,,T
D00145,hsa1558,,D,K,,T
D00145,hsa1559,,D,,,T
D00145,hsa7298,,D,,,T
D00145,hsa1576,,D,,,T
D00151,hsa1558,,D,,,T
D00151,hsa1559,,D,K,,T
D00158,hsa4353,,D,,,T
D00184,hsa1551,,D,,,T
D00184,hsa1557,,D,,,T
D00184,hsa1558,,D,,,T
D00184,hsa1559,,D,,,T
D00184,hsa1565,,D,,,T
D00184,hsa5478,,D,,,T
D00184,hsa1576,,D,K,,T
D00184,hsa1577,,D,,,T
D00186,hsa1544,,D,K,,T
D00186,hsa1551,,D,,,T
D00186,hsa1576,,D,,,T
D00186,hsa1577,,D,,,T
D00187,hsa1593,,D,,,T
D00187,hsa1576,,D,,,T
D00188,hsa1557,,D,,,T
D00188,hsa1543,,D,,,T
D00188,hsa1555,,D,,,T
D00188,hsa1583,,D,,,T
D00188,hsa1559,,D,,,T
D00188,hsa2638,,D,,,T
D00188,hsa1565,,D,,,T
D00188,hsa1573,,D,,,T
D00188,hsa1558,,D,,,T
D00188,hsa1576,,D,,,T
D00217,hsa54658,,D,,,T
D00217,hsa10,,D,,,T
D00217,hsa54600,,D,,,T
D00217,hsa1558,,D,,,T
D00217,hsa1559,,D,,,T
D00217,hsa7366,,D,,,T
D00217,hsa1548,,D,,,T
D00217,hsa54578,,D,,,T
D00217,hsa1576,,D,,,T
D00217,hsa2950,,D,,,T
D00218,hsa1576,,D,,,T
D00222,hsa1544,,D,,,T
D00227,hsa1544,,D,K,,T
D00227,hsa1576,,D,,,T
D00227,hsa1571,,D,,,T
D00234,hsa1573,,D,,,T
D00234,hsa1551,,D,K,,T
D00234,hsa1577,,D,K,,T
D00251,hsa1565,,D,,,T
D00251,hsa4048,,D,,,T
D00252,hsa1544,,D,,,T
D00252,hsa1551,,D,,,T
D00252,hsa1557,,D,,,T
D00252,hsa1555,,D,,,T
D00252,hsa1559,,D,,,T
D00252,hsa7364,,D,,,T
D00252,hsa1577,,D,,,T
D00270,hsa1544,,D,,,T
D00270,hsa590,,D,,,T
D00270,hsa1576,,D,,,T
D00270,hsa1571,,D,,,T
D00270,hsa6609,,D,,,T
D00270,hsa1565,,D,K,,T
D00274,hsa1544,,D,,,T
D00274,hsa1551,,D,K,,T
D00274,hsa1557,,D,,,T
D00274,hsa1555,,D,,,T
D00274,hsa1558,,D,,,T
D00274,hsa1559,,D,,,T
D00274,hsa1548,,D,,,T
D00274,hsa1577,,D,K,,T
D00279,hsa1543,,D,,,T
D00279,hsa1555,,D,,,T
D00279,hsa1548,,D,,,T
D00279,hsa1579,,D,,,T
D00279,hsa1571,,D,,,T
D00279,hsa1576,,D,,,T
D00283,hsa1543,,D,,,T
D00283,hsa1558,,D,,,T
D00283,hsa1559,,D,,,T
D00283,hsa1548,,D,,,T
D00283,hsa54657,,D,,,T
D00283,hsa1571,,D,,,T
D00283,hsa2950,,D,,,T
D00293,hsa1544,,D,,,T
D00293,hsa1551,,D,,,T
D00293,hsa1555,,D,,,T
D00293,hsa1558,,D,,,T
D00293,hsa1559,,D,,,T
D00293,hsa5742,,D,,,T
D00293,hsa1562,,D,,,T
D00293,hsa1571,,D,,,T
D00293,hsa1577,,D,,,T
D00294,hsa476,,D,,,T
D00298,hsa1583,,D,,,T
D00298,hsa1576,,D,,,T
D00300,hsa1544,,D,,,T
D00300,hsa1557,,D,,,T
D00300,hsa1555,,D,,,T
D00300,hsa1559,,D,,,T
D00300,hsa5742,,D,,,T
D00300,hsa1562,,D,,,T
D00315,hsa54659,,D,,,T
D00315,hsa7364,,D,,,T
D00315,hsa1559,,D,,,T
D00315,hsa54575,,D,,,T
D00315,hsa54600,,D,,,T
D00317,hsa1576,,D,,,T
D00322,hsa1544,,D,,,T
D00322,hsa1551,,D,,,T
D00322,hsa1584,,D,,,T
D00322,hsa1576,,D,K,,T
D00322,hsa1577,,D,,,T
D00324,hsa1576,,D,K,,T
D00330,hsa54658,,D,,,T
D00330,hsa54659,,D,,,T
D00330,hsa54600,,D,,,T
D00330,hsa7363,,D,,,T
D00330,hsa1559,,D,K,,T
D00330,hsa7364,,D,,,T
D00359,hsa54658,,D,,,T
D00359,hsa54659,,D,,,T
D00359,hsa1551,,D,,,T
D00359,hsa1557,,D,,,T
D00359,hsa1558,,D,,,T
D00359,hsa1559,,D,,,T
D00359,hsa7364,,D,,,T
D00359,hsa1565,,D,,,T
D00359,hsa1576,,D,K,,T
D00359,hsa1577,,D,,,T
D00364,hsa1558,,D,,,T
D00364,hsa1559,,D,,,T
D00364,hsa1557,,D,,,T
D00364,hsa1565,,D,K,,T
D00371,hsa1545,,D,,,T
D00371,hsa1544,,D,K,,T
D00371,hsa1543,,D,,,T
D00371,hsa1558,,D,,,T
D00371,hsa1559,,D,,,T
D00371,hsa1565,,D,,,T
D00371,hsa1571,,D,,,T
D00371,hsa1576,,D,,,T
D00371,hsa100,,D,,,T
D00377,hsa4353,,D,,,T
D00377,hsa3551,,D,,,T
D00377,hsa1147,,D,,,T
D00387,hsa1558,,D,,,T
D00387,hsa1551,,D,,,T
D00387,hsa1559,,D,,,T
D00387,hsa1577,,D,,,T
D00398,hsa1544,,D,,,T
D00401,hsa1544,,D,,,T
D00401,hsa1557,,D,,,T
D00401,hsa1555,,D,,,T
D00401,hsa1559,,D,,,T
D00401,hsa1548,,D,,,T
D00401,hsa1565,,D,,,T
D00401,hsa1571,,D,,,T
D00401,hsa1576,,D,,,T
D00410,hsa1585,,D,,,T
D00414,hsa1544,,D,,,T
D00414,hsa1559,,D,,,T
D00414,hsa1576,,D,,,T
D00414,hsa5742,,D,,,T
D00414,hsa54600,,D,,,T
D00416,hsa1544,,D,,,T
D00416,hsa1588,,D,,,T
D00416,hsa1555,,D,,,T
D00416,hsa1548,,D,,,T
D00416,hsa1584,,D,,,T
D00416,hsa1565,,D,,,T
D00416,hsa1571,,D,,,T
D00416,hsa1576,,D,K,,T
D00418,hsa5742,,D,,,T
D00418,hsa5972,,D,,,T
D00421,hsa590,,D,,,T
D00423,hsa3615,,D,,,T
D00425,hsa1544,,D,,,T
D00425,hsa4353,,D,,,T
D00434,hsa54658,,D,,,T
D00434,hsa54659,,D,,,T
D00434,hsa1551,,D,,,T
D00434,hsa1557,,D,,,T
D00434,hsa1555,,D,,,T
D00434,hsa1558,,D,,,T
D00434,hsa1559,,D,,,T
D00434,hsa7364,,D,,,T
D00434,hsa1565,,D,,,T
D00434,hsa1577,,D,,,T
D00437,hsa1559,,D,,,T
D00448,hsa5319,,D,,,T
D00448,hsa1577,,D,,,T
D00449,hsa1558,,D,,,T
D00449,hsa1559,,D,,,T
D00449,hsa1576,,D,,,T
D00449,hsa1555,,D,,,T
D00451,hsa4128,,D,K,,T
D00452,hsa54658,,D,,,T
D00452,hsa1559,,D,K,,T
D00452,hsa7364,,D,,,T
D00454,hsa1559,,D,,,T
D00454,hsa1576,,D,,,T
D00455,hsa1545,,D,,,T
D00455,hsa1544,,D,,,T
D00455,hsa1557,,D,K,,T
D00455,hsa1543,,D,,,T
D00455,hsa1583,,D,,,T
D00455,hsa1559,,D,,,T
D00455,hsa1576,,D,K,,T
D00455,hsa1562,,D,,,T
D00455,hsa1558,,D,,,T
D00455,hsa1565,,D,,,T
D00463,hsa1559,,D,,,T
D00475,hsa1558,,D,,,T
D00475,hsa1559,,D,K,,T
D00475,hsa1557,,D,K,,T
D00475,hsa1576,,D,,,T
D00487,hsa590,,D,,,T
D00487,hsa1576,,D,,,T
D00488,hsa1558,,D,,,T
D00488,hsa1559,,D,,,T
D00488,hsa1565,,D,,,T
D00494,hsa1559,,D,,,T
D00494,hsa1565,,D,K,,T
D00494,hsa1555,,D,,,T
D00501,hsa1544,,D,,,T
D00503,hsa1544,,D,,,T
D00503,hsa1557,,D,,,T
D00503,hsa1555,,D,,,T
D00503,hsa1558,,D,,,T
D00503,hsa1559,,D,,,T
D00503,hsa1562,,D,,,T
D00505,hsa64816,,D,,,T
D00505,hsa1557,,D,,,T
D00505,hsa1558,,D,,,T
D00505,hsa18,,D,,,T
D00505,hsa1551,,D,,,T
D00505,hsa84706,,D,,,T
D00505,hsa1571,,D,,,T
D00505,hsa1576,,D,,,T
D00505,hsa1577,,D,,,T
D00510,hsa1559,,D,K,,T
D00510,hsa1576,,D,,,T
D00512,hsa1551,,D,K,,T
D00512,hsa1555,,D,K,,T
D00512,hsa1558,,D,,,T
D00512,hsa1584,,D,,,T
D00512,hsa1562,,D,,,T
D00512,hsa1576,,D,K,,T
D00512,hsa1577,,D,K,,T
D00513,hsa1565,,D,K,,T
D00515,hsa217,,D,,,T
D00516,hsa1571,,D,,,T
D00516,hsa1576,,D,,,T
D00518,hsa1559,,D,,,T
D00521,hsa1558,,D,,,T
D00521,hsa1573,,D,,,T
D00521,hsa1559,,D,,,T
D00521,hsa1551,,D,K,,T
D00521,hsa1577,,D,K,,T
D00530,hsa1551,,D,,,T
D00530,hsa1576,,D,K,,T
D00530,hsa1577,,D,,,T
D00533,hsa1576,,D,K,,T
D00533,hsa1577,,D,K,,T
D00536,hsa1571,,D,,,T
D00536,hsa1559,,D,,,T
D00536,hsa1576,,D,,,T
D00537,hsa761,,D,,,T
D00537,hsa1557,,D,,,T
D00537,hsa1576,,D,K,,T
D00537,hsa759,,D,,,T
D00538,hsa4128,,D,,,T
D00538,hsa4129,,D,,,T
D00538,hsa1557,,D,,,T
D00538,hsa1576,,D,K,,T
D00542,hsa1571,,D,K,,T
D00544,hsa1544,,D,,,T
D00544,hsa1555,,D,,,T
D00544,hsa1559,,D,,,T
D00544,hsa1548,,D,,,T
D00544,hsa1576,,D,K,,T
D00544,hsa1565,,D,,,T
D00545,hsa1571,,D,,,T
D00545,hsa1555,,D,,,T
D00547,hsa1548,,D,,,T
D00547,hsa1576,,D,,,T
D00547,hsa1555,,D,,,T
D00549,hsa54658,,D,,,T
D00549,hsa1544,,D,,,T
D00549,hsa1557,,D,,,T
D00549,hsa1543,,D,,,T
D00549,hsa54600,,D,,,T
D00549,hsa1558,,D,,,T
D00549,hsa1559,,D,,,T
D00549,hsa1548,,D,,,T
D00549,hsa54578,,D,,,T
D00549,hsa1565,,D,,,T
D00549,hsa1562,,D,,,T
D00549,hsa1571,,D,,,T
D00549,hsa1555,,D,,,T
D00549,hsa1576,,D,,,T
D00550,hsa1551,,D,,,T
D00550,hsa1555,,D,,,T
D00550,hsa1580,,D,,,T
D00550,hsa54657,,D,,,T
D00550,hsa1571,,D,,,T
D00550,hsa1577,,D,,,T
D00560,hsa1544,,D,,,T
D00560,hsa1551,,D,,,T
D00560,hsa1557,,D,,,T
D00560,hsa1576,,D,K,,T
D00560,hsa1571,,D,,,T
D00560,hsa1565,,D,K,,T
D00560,hsa1577,,D,,,T
D00562,hsa1621,,D,,,T
D00563,hsa1558,,D,,,T
D00563,hsa1559,,D,,,T
D00567,hsa1558,,D,,,T
D00567,hsa1576,,D,,,T
D00567,hsa1565,,D,K,,T
D00567,hsa761,,D,,,T
D00567,hsa760,,D,,,T
D00568,hsa1544,,D,,,T
D00568,hsa1558,,D,,,T
D00568,hsa1559,,D,,,T
D00568,hsa1576,,D,,,T
D00569,hsa1553,,D,,,T
D00569,hsa1557,,D,,,T
D00569,hsa1559,,D,,,T
D00569,hsa1548,,D,,,T
D00569,hsa5742,,D,,,T
D00569,hsa1565,,D,K,,T
D00569,hsa1571,,D,,,T
D00569,hsa1576,,D,,,T
D00577,hsa1588,,D,,,T
D00577,hsa1312,,D,,,T
D00577,hsa1558,,D,,,T
D00577,hsa1559,,D,,,T
D00577,hsa1548,,D,,,T
D00577,hsa1571,,D,,,T
D00577,hsa1576,,D,,,T
D00596,hsa1544,,D,,,T
D00596,hsa1557,,D,,,T
D00596,hsa1559,,D,,,T
D00596,hsa1548,,D,,,T
D00596,hsa5742,,D,,,T
D00596,hsa1565,,D,,,T
D00621,hsa1576,,D,,,T
D00624,hsa590,,D,,,T
D00630,hsa1576,,D,,,T
D00650,hsa7172,,D,,,T
D00651,hsa771,,D,,,T
D00651,hsa768,,D,,,T
D00652,hsa1576,,D,,,T
D00653,hsa1559,,D,K,,T
D00653,hsa1576,,D,K,,T
D00654,hsa771,,D,,,T
D00654,hsa768,,D,,,T
D00655,hsa1565,,D,,,T
D00655,hsa1571,,D,,,T
D00655,hsa1559,,D,,,T
D00655,hsa1557,,D,,,T
D00655,hsa1576,,D,,,T
D00658,hsa7172,,D,,,T
D00670,hsa1559,,D,,,T
D00670,hsa1576,,D,K,,T
D00670,hsa1565,,D,K,,T
D00691,hsa5150,,D,K,K,T
D00726,hsa43,,D,,,T
D00726,hsa1585,,D,,,T
D00726,hsa1584,,D,,,T
D00726,hsa1565,,D,K,,T
D00726,hsa1586,,D,,,T
D00749,hsa1544,,D,,,T
D00749,hsa1559,,D,K,,T
D00749,hsa2185,,D,,,T
D00752,hsa54658,,D,,,T
D00752,hsa54600,,D,,,T
D00752,hsa1558,,D,,,T
D00752,hsa7364,,D,,,T
D00752,hsa54578,,D,,,T
D00752,hsa1576,,D,,,T
D00752,hsa1577,,D,,,T
D00752,hsa54575,,D,,,T
D00752,hsa54577,,D,,,T
D00752,hsa54576,,D,,,T
D00753,hsa1551,,D,,,T
D00753,hsa1576,,D,K,,T
D00753,hsa1577,,D,,,T
D00771,hsa1565,,D,,,T
D00771,hsa1548,,D,,,T
D00771,hsa1576,,D,,,T
D00781,hsa1544,,D,,,T
D00781,hsa1565,,D,,,T
D00781,hsa54600,,D,,,T
D00785,hsa1544,,D,,,T
D00785,hsa1557,,D,,,T
D00785,hsa1555,,D,K,,T
D00785,hsa1558,,D,,,T
D00785,hsa1559,,D,,,T
D00785,hsa1548,,D,K,,T
D00785,hsa1565,,D,K,,T
D00785,hsa1571,,D,,,T
D00785,hsa1576,,D,K,,T
D00786,hsa1559,,D,,,T
D00826,hsa1544,,D,,,T
D00826,hsa1557,,D,,,T
D00826,hsa1559,,D,,,T
D00826,hsa1548,,D,,,T
D00826,hsa1565,,D,,,T
D00826,hsa1571,,D,,,T
D00826,hsa1576,,D,,,T
D00882,hsa1544,,D,,,T
D00882,hsa1588,,D,,,T
D00882,hsa1555,,D,,,T
D00882,hsa1548,,D,,,T
D00882,hsa1584,,D,,,T
D00882,hsa1565,,D,,,T
D00882,hsa1571,,D,,,T
D00882,hsa1576,,D,K,,T
D00885,hsa1557,,D,,,T
D00885,hsa1576,,D,,,T
D00887,hsa54658,,D,,,T
D00887,hsa54659,,D,,,T
D00887,hsa1551,,D,,,T
D00887,hsa1557,,D,,,T
D00887,hsa1555,,D,,,T
D00887,hsa1803,,D,,,T
D00887,hsa1558,,D,,,T
D00887,hsa1559,,D,,,T
D00887,hsa7364,,D,,,T
D00887,hsa1565,,D,,,T
D00887,hsa1576,,D,K,,T
D00887,hsa1577,,D,,,T
D00889,hsa1551,,D,,,T
D00889,hsa1557,,D,,,T
D00889,hsa1555,,D,,,T
D00889,hsa1558,,D,K,,T
D00889,hsa1559,,D,,,T
D00889,hsa1565,,D,,,T
D00889,hsa1576,,D,K,,T
D00889,hsa1577,,D,,,T
D00892,hsa54658,,D,,,T
D00892,hsa1544,,D,,,T
D00892,hsa1557,,D,,,T
D00892,hsa1543,,D,,,T
D00892,hsa1555,,D,,,T
D00892,hsa1558,,D,,,T
D00892,hsa1559,,D,K,,T
D00892,hsa7364,,D,,,T
D00892,hsa54659,,D,,,T
D00892,hsa1576,,D,K,,T
D00892,hsa1565,,D,,,T
D00892,hsa1577,,D,,,T
D00893,hsa1558,,D,,,T
D00893,hsa1559,,D,,,T
D00893,hsa1576,,D,K,,T
D00893,hsa1577,,D,,,T
D00903,hsa54658,,D,,,T
D00903,hsa1544,,D,,,T
D00903,hsa1557,,D,,,T
D00903,hsa1543,,D,,,T
D00903,hsa1555,,D,,,T
D00903,hsa1558,,D,,,T
D00903,hsa1559,,D,K,,T
D00903,hsa7364,,D,,,T
D00903,hsa240,,D,,,T
D00903,hsa5320,,D,,,T
D00903,hsa1562,,D,,,T
D00903,hsa1571,,D,,,T
D00903,hsa1576,,D,,,T
D00904,hsa54658,,D,,,T
D00904,hsa1544,,D,,,T
D00904,hsa1557,,D,,,T
D00904,hsa1543,,D,,,T
D00904,hsa1555,,D,,,T
D00904,hsa1558,,D,,,T
D00904,hsa1559,,D,K,,T
D00904,hsa7364,,D,,,T
D00904,hsa240,,D,,,T
D00904,hsa5320,,D,,,T
D00904,hsa1562,,D,,,T
D00904,hsa1571,,D,,,T
D00904,hsa1576,,D,,,T
D00947,hsa4129,,D,,,T
D00963,hsa1576,,D,K,,T
D00965,hsa1558,,D,,,T
D00965,hsa1559,,D,,,T
D00965,hsa1557,,D,,,T
D00969,hsa1558,,D,,,T
D00969,hsa1559,,D,K,,T
D00969,hsa1576,,D,K,,T
D00994,hsa590,,D,,,T
D01001,hsa590,,D,,,T
D01061,hsa54658,,D,,,T
D01061,hsa1551,,D,K,,T
D01061,hsa590,,D,,,T
D01061,hsa1555,,D,,,T
D01061,hsa54600,,D,,,T
D01061,hsa1576,,D,K,,T
D01061,hsa1577,,D,K,,T
D01064,hsa2356,,D,,,T
D01071,hsa5742,,D,,,T
D01122,hsa54658,,D,,,T
D01122,hsa54659,,D,,,T
D01122,hsa1557,,D,,,T
D01122,hsa54600,,D,,,T
D01122,hsa7363,,D,,,T
D01122,hsa1558,,D,,,T
D01122,hsa1559,,D,K,,T
D01122,hsa7364,,D,,,T
D01122,hsa5327,,D,,,T
D01164,hsa1551,,D,,,T
D01164,hsa1576,,D,K,,T
D01164,hsa1577,,D,,,T
D01196,hsa1576,,D,,,T
D01276,hsa1544,,D,,,T
D01276,hsa1559,,D,,,T
D01276,hsa1576,,D,K,,T
D01364,hsa476,,D,,,T
D01367,hsa1576,,D,,,T
D01441,hsa1544,,D,,,T
D01441,hsa1551,,D,,,T
D01441,hsa1557,,D,,,T
D01441,hsa1559,,D,,,T
D01441,hsa5742,,D,,,T
D01441,hsa1565,,D,,,T
D01441,hsa1576,,D,K,,T
D01441,hsa1577,,D,,,T
D01475,hsa54658,,D,,,T
D01475,hsa54659,,D,,,T
D01475,hsa54600,,D,,,T
D01475,hsa7363,,D,,,T
D01475,hsa1559,,D,K,,T
D01475,hsa7364,,D,,,T
D01565,hsa54658,,D,,,T
D01565,hsa1557,,D,,,T
D01565,hsa54600,,D,,,T
D01565,hsa1559,,D,,,T
D01565,hsa7364,,D,,,T
D01565,hsa5320,,D,,,T
D01712,hsa1545,,D,,,T
D01712,hsa1544,,D,K,,T
D01712,hsa1543,,D,,,T
D01712,hsa1558,,D,,,T
D01712,hsa1559,,D,,,T
D01712,hsa1565,,D,,,T
D01712,hsa1571,,D,,,T
D01712,hsa1576,,D,,,T
D01712,hsa100,,D,,,T
D01767,hsa1559,,D,K,,T
D01842,hsa57016,,D,,,T
D01915,hsa1559,,D,,,T
D01915,hsa1557,,D,,,T
D01915,hsa1576,,D,,,T
D01915,hsa1577,,D,,,T
D01966,hsa54658,,D,,,T
D01966,hsa54659,,D,,,T
D01966,hsa1558,,D,,,T
D01966,hsa7366,,D,,,T
D01966,hsa7364,,D,,,T
D01966,hsa1576,,D,,,T
D01973,hsa5742,,D,,,T
D01973,hsa1559,,D,,,T
D01973,hsa1557,,D,,,T
D01973,hsa1565,,D,,,T
D01973,hsa1548,,D,,,T
D01977,hsa1557,,D,,,T
D01977,hsa1543,,D,,,T
D01977,hsa1559,,D,,,T
D01977,hsa1565,,D,,,T
D01977,hsa1576,,D,,,T
D01977,hsa1577,,D,,,T
D01984,hsa1557,,D,K,,T
D01984,hsa1576,,D,K,,T
D02008,hsa1576,,D,K,,T
D02008,hsa1577,,D,,,T
D02017,hsa1545,,D,,,T
D02017,hsa1544,,D,K,,T
D02017,hsa1543,,D,,,T
D02017,hsa1558,,D,,,T
D02017,hsa1559,,D,,,T
D02017,hsa1565,,D,,,T
D02017,hsa1571,,D,,,T
D02017,hsa1576,,D,,,T
D02017,hsa100,,D,,,T
D02068,hsa1544,,D,K,,T
D02110,hsa54658,,D,,,T
D02110,hsa1557,,D,,,T
D02110,hsa54600,,D,,,T
D02110,hsa1559,,D,,,T
D02110,hsa7364,,D,,,T
D02110,hsa5320,,D,,,T
D02115,hsa8836,,D,,,T
D02115,hsa7298,,D,,,T
D02115,hsa2356,,D,,,T
D02173,hsa590,,D,,,T
D02173,hsa1565,,D,K,,T
D02173,hsa1576,,D,K,,T
D02176,hsa7498,,D,,,T
D02176,hsa4353,,D,,,T
D02229,hsa1551,,D,,,T
D02229,hsa1557,,D,,,T
D02229,hsa1543,,D,,,T
D02229,hsa1559,,D,K,,T
D02229,hsa1576,,D,K,,T
D02229,hsa1571,,D,,,T
D02229,hsa1565,,D,,,T
D02229,hsa1577,,D,,,T
D02290,hsa54658,,D,,,T
D02290,hsa54659,,D,,,T
D02290,hsa54600,,D,,,T
D02290,hsa7363,,D,,,T
D02290,hsa1559,,D,K,,T
D02290,hsa7364,,D,,,T
D02323,hsa57016,,D,,,T
D02335,hsa1544,,D,,,T
D02335,hsa1728,,D,,,T
D02335,hsa1543,,D,,,T
D02335,hsa7498,,D,,,T
D02335,hsa1548,,D,,,T
D02335,hsa4835,,D,,,T
D02335,hsa1571,,D,,,T
D02342,hsa1576,,D,,,T
D02355,hsa4353,,D,,,T
D02356,hsa1544,,D,,,T
D02356,hsa1551,,D,,,T
D02356,hsa1557,,D,,,T
D02356,hsa1555,,D,,,T
D02356,hsa1559,,D,,,T
D02356,hsa1562,,D,,,T
D02356,hsa1565,,D,,,T
D02356,hsa1577,,D,,,T
D02375,hsa1544,,D,K,,T
D02375,hsa1557,,D,K,,T
D02375,hsa1588,,D,,,T
D02375,hsa1583,,D,,,T
D02375,hsa1559,,D,K,,T
D02375,hsa5742,,D,,,T
D02375,hsa1565,,D,K,,T
D02375,hsa1558,,D,K,,T
D02375,hsa1576,,D,K,,T
D02487,hsa1544,,D,,,T
D02487,hsa1557,,D,K,,T
D02487,hsa1559,,D,,,T
D02487,hsa1576,,D,,,T
D02487,hsa1571,,D,,,T
D02487,hsa1565,,D,,,T
D02558,hsa590,,D,K,K,T
D02558,hsa1576,,D,,,T
D02558,hsa1565,,D,,,T
D02561,hsa1544,,D,,,T
D02561,hsa1559,,D,,,T
D02561,hsa1557,,D,K,,T
D02561,hsa1565,,D,K,,T
D02562,hsa1544,,D,K,,T
D02566,hsa1544,,D,,,T
D02566,hsa1565,,D,K,,T
D02698,hsa1559,,D,,,T
D02698,hsa1557,,D,,,T
D02698,hsa1576,,D,,,T
D02698,hsa1577,,D,,,T
D02709,hsa1557,,D,,,T
D02709,hsa54600,,D,,,T
D02709,hsa1559,,D,,,T
D02709,hsa761,,D,,,T
D02709,hsa760,,D,,,T
D02709,hsa1576,,D,,,T
D02731,hsa1576,,D,K,,T
D02731,hsa1577,,D,,,T
D03208,hsa1576,,D,,,T
D03260,hsa1576,,D,K,,T
D03260,hsa1577,,D,,,T
D03365,hsa4128,,D,,,T
D03365,hsa4129,,D,,,T
D03365,hsa1557,,D,,,T
D03365,hsa1543,,D,,,T
D03365,hsa1555,,D,,,T
D03365,hsa1558,,D,,,T
D03365,hsa1559,,D,,,T
D03365,hsa1548,,D,K,,T
D03365,hsa1565,,D,,,T
D03365,hsa1544,,D,K,,T
D03365,hsa1571,,D,,,T
D03365,hsa1576,,D,,,T
D03365,hsa1588,,D,,,T
D03670,hsa7498,,D,,,T
D03710,hsa1544,,D,,,T
D03710,hsa1557,,D,,,T
D03710,hsa1559,,D,,,T
D03710,hsa1576,,D,,,T
D03710,hsa1571,,D,,,T
D03710,hsa1565,,D,,,T
D03714,hsa1544,,D,,,T
D03714,hsa1559,,D,,,T
D03714,hsa1557,,D,,,T
D03714,hsa54600,,D,,,T
D03731,hsa1544,,D,,,T
D03731,hsa1557,,D,,,T
D03731,hsa1555,,D,K,,T
D03731,hsa1558,,D,,,T
D03731,hsa1559,,D,,,T
D03731,hsa1548,,D,K,,T
D03731,hsa1565,,D,K,,T
D03731,hsa1571,,D,,,T
D03731,hsa1576,,D,K,,T
D03798,hsa1559,,D,,,T
D03822,hsa1576,,D,,,T
D03822,hsa1565,,D,,,T
D03828,hsa1633,,D,,,T
D04023,hsa1545,,D,,,T
D04023,hsa1544,,D,K,,T
D04023,hsa1543,,D,,,T
D04023,hsa1558,,D,,,T
D04023,hsa54658,,D,,,T
D04023,hsa1565,,D,,,T
D04023,hsa1576,,D,K,,T
D04023,hsa1577,,D,,,T
D04024,hsa1558,,D,K,,T
D04024,hsa1557,,D,K,,T
D04024,hsa1576,,D,K,,T
D04024,hsa1577,,D,K,,T
D04028,hsa5321,,D,,,T
D04028,hsa1576,,D,,,T
D04197,hsa1559,,D,,,T
D04197,hsa1890,,D,,,T
D04292,hsa590,,D,,,T
D04292,hsa1565,,D,K,,T
D04292,hsa1576,,D,K,,T
D04983,hsa635,,D,,,T
D05341,hsa3906,,D,,,T
D05353,hsa1544,,D,,,T
D05458,hsa4128,,D,K,K,T
D05458,hsa1544,,D,,,T
D05458,hsa1559,,D,,,T
D05458,hsa1565,,D,,,T
D00224,hsa1544,,,K,,T
D00285,hsa1558,,,K,,T
D00285,hsa1559,,,K,,T
D00416,hsa1551,,,K,,T
D00416,hsa1577,,,K,,T
D00533,hsa1551,,,K,,T
D00538,hsa1551,,,K,,T
D00538,hsa1577,,,K,,T
D00653,hsa1557,,,K,,T
D00691,hsa50940,,,K,K,T
D00749,hsa1576,,,K,,T
D00781,hsa1559,,,K,,T
D00882,hsa1551,,,K,,T
D00882,hsa1577,,,K,,T
D01223,hsa1559,,,K,,T
D01370,hsa6240,,,K,K,T
D01397,hsa1559,,,K,,T
D01718,hsa1559,,,K,,T
D01862,hsa1559,,,K,,T
D01866,hsa1559,,,K,,T
D02258,hsa1576,,,K,,T
D02441,hsa767,,,K,K,T
D03012,hsa1551,,,K,,T
D03012,hsa1576,,,K,,T
D03012,hsa1577,,,K,,T
D03217,hsa1576,,,K,,T
D03218,hsa1576,,,K,,T
D03218,hsa1577,,,K,,T
D03252,hsa1576,,,K,,T
D04966,hsa5562,,,K,K,T
